[
  {
    "id": 1,
    "name": "夏季促销",
    "channels": ["email", "social"],
    "status": "running",
    "startTime": "2024-07-01",
    "endTime": "2024-07-31",
    "description": "夏季新品促销活动"
  },
  {
    "id": 2,
    "name": "黑五大促",
    "channels": ["email"],
    "status": "pending",
    "startTime": "2024-11-25",
    "endTime": "2024-11-30",
    "description": "黑色星期五促销"
  },
  {
    "id": 3,
    "name": "圣诞节礼包",
    "channels": ["social"],
    "status": "success",
    "startTime": "2024-12-10",
    "endTime": "2024-12-25",
    "description": "节日庆祝活动"
  },
  {
    "id": 4,
    "name": "春节问候",
    "channels": ["wechat"],
    "status": "paused",
    "startTime": "2025-01-20",
    "endTime": "2025-02-01",
    "description": "微信红包问候"
  },
  {
    "id": 5,
    "name": "新品发布",
    "channels": ["custom"],
    "status": "pending",
    "startTime": "2025-03-10",
    "endTime": "2025-03-20",
    "description": "多渠道新品推广"
  }
]
