[
  {
    "id": 1,
    "title": "新品发布文案",
    "summary": "介绍最新产品特性，强调优势。",
    "style": "正式",
    "use": "社交媒体",
    "status": "未发布",
    "content": "我们的最新产品现已上线，拥有多项创新特性，欢迎体验！"
  },
  {
    "id": 2,
    "title": "活动邀请",
    "summary": "欢迎参加即将举行的线上活动。",
    "style": "活泼",
    "use": "邮件",
    "status": "草稿",
    "content": "亲爱的用户，我们将在下周举办线上研讨会，诚邀您的参与。"
  }
]
