[
  {
    "id": 1,
    "type": "message",
    "status": "unread",
    "title": "新客户留言",
    "content": "有客户提交了新的联系方式，请及时跟进。",
    "time": "2025-07-16 09:30:00",
    "link": "#"
  },
  {
    "id": 2,
    "type": "task",
    "status": "read",
    "title": "邮件任务完成",
    "content": "每日邮件发送任务已完成。",
    "time": "2025-07-15 18:00:00",
    "link": "#"
  },
  {
    "id": 3,
    "type": "system",
    "status": "unread",
    "level": "error",
    "title": "服务器异常",
    "content": "服务器CPU使用率过高，请尽快处理。",
    "time": "2025-07-15 17:20:00",
    "link": "#"
  },
  {
    "id": 4,
    "type": "message",
    "status": "read",
    "title": "新的合作申请",
    "content": "合作伙伴提交了合作申请表。",
    "time": "2025-07-15 16:00:00",
    "link": "#"
  },
  {
    "id": 5,
    "type": "task",
    "status": "unread",
    "title": "爬取任务完成",
    "content": "客户信息爬取已结束，可查看结果。",
    "time": "2025-07-16 08:45:00",
    "link": "#"
  },
  {
    "id": 6,
    "type": "system",
    "status": "read",
    "level": "warning",
    "title": "磁盘空间不足",
    "content": "磁盘剩余空间低于20%，请清理数据。",
    "time": "2025-07-14 14:00:00",
    "link": "#"
  }
]

