[
  {
    "id": 1,
    "label": "客户管理",
    "children": [
      {"id": 11, "label": "客户抓取"},
      {"id": 12, "label": "客户管理"},
      {"id": 13, "label": "客户导入导出"}
    ]
  },
  {
    "id": 2,
    "label": "营销功能",
    "children": [
      {"id": 21, "label": "内容生成"},
      {"id": 22, "label": "邮件营销"},
      {"id": 23, "label": "社交媒体"}
    ]
  },
  {
    "id": 3,
    "label": "任务管理",
    "children": [
      {"id": 31, "label": "任务调度"},
      {"id": 32, "label": "任务监控"},
      {"id": 33, "label": "任务编辑"},
      {"id": 34, "label": "任务删除"}
    ]
  },
  {
    "id": 4,
    "label": "数据分析",
    "children": [
      {"id": 41, "label": "行为追踪"},
      {"id": 42, "label": "报表查看"},
      {"id": 43, "label": "数据导出"}
    ]
  },
  {
    "id": 5,
    "label": "系统管理",
    "children": [
      {"id": 51, "label": "权限管理"},
      {"id": 52, "label": "系统设置"},
      {"id": 53, "label": "用户管理"}
    ]
  }
]
