[
  {
    "id": 1,
    "label": "客户管理",
    "children": [
      { "id": 11, "label": "客户抓取", "code": "customer:crawl" },
      { "id": 12, "label": "客户管理", "code": "customer:manage" },
      { "id": 13, "label": "客户导入导出", "code": "customer:import_export" }
    ]
  },
  {
    "id": 2,
    "label": "营销功能",
    "children": [
      { "id": 21, "label": "内容生成", "code": "content:generate" },
      { "id": 22, "label": "邮件营销", "code": "email:send" },
      { "id": 23, "label": "社交媒体", "code": "social:manage" }
    ]
  },
  {
    "id": 3,
    "label": "任务管理",
    "children": [
      { "id": 31, "label": "任务调度", "code": "task:schedule" },
      { "id": 32, "label": "任务监控", "code": "task:monitor" },
      { "id": 33, "label": "任务编辑", "code": "task:edit" },
      { "id": 34, "label": "任务删除", "code": "task:delete" }
    ]
  },
  {
    "id": 4,
    "label": "数据分析",
    "children": [
      { "id": 41, "label": "行为追踪", "code": "behavior:track" },
      { "id": 42, "label": "报表查看", "code": "report:view" },
      { "id": 43, "label": "数据导出", "code": "data:export" }
    ]
  },
  {
    "id": 5,
    "label": "系统管理",
    "children": [
      { "id": 51, "label": "权限管理", "code": "system:permission" },
      { "id": 52, "label": "系统设置", "code": "system:setting" },
      { "id": 53, "label": "用户管理", "code": "user:manage" }
    ]
  }
]

