[
  {"name": "John Doe", "email": "john@example.com", "source": "linkedin", "time": "2024-01-10 09:00"},
  {"name": "Jane Smith", "email": "jane@example.com", "source": "facebook", "time": "2024-01-10 09:10"},
  {"name": "Bob Lee", "email": "bob@example.com", "source": "linkedin", "time": "2024-01-10 09:20"},
  {"name": "Alice Chen", "email": "alice@example.com", "source": "facebook", "time": "2024-01-10 09:30"},
  {"name": "Tom Wang", "email": "tom@example.com", "source": "twitter", "time": "2024-01-10 09:40"}
]
