{
  "funnel": [
    {"step":"访问","value":1000},
    {"step":"注册","value":650},
    {"step":"试用","value":300},
    {"step":"付费","value":120}
  ],
  "channels": [
    {"name":"SEO","value":300},
    {"name":"广告","value":250},
    {"name":"社媒","value":200},
    {"name":"邮件","value":150}
  ],
  "sources": [
    {"name":"北美","value":45},
    {"name":"欧洲","value":35},
    {"name":"亚洲","value":20}
  ],
  "active7": [
    {"date":"06-01","value":120},
    {"date":"06-02","value":130},
    {"date":"06-03","value":140},
    {"date":"06-04","value":135},
    {"date":"06-05","value":150},
    {"date":"06-06","value":155},
    {"date":"06-07","value":160}
  ],
  "active30": [
    {"date":"05-09","value":90},
    {"date":"05-10","value":95},
    {"date":"05-11","value":92},
    {"date":"05-12","value":96},
    {"date":"05-13","value":98},
    {"date":"05-14","value":100},
    {"date":"05-15","value":102},
    {"date":"05-16","value":105},
    {"date":"05-17","value":108},
    {"date":"05-18","value":110},
    {"date":"05-19","value":112},
    {"date":"05-20","value":115},
    {"date":"05-21","value":118},
    {"date":"05-22","value":120},
    {"date":"05-23","value":122},
    {"date":"05-24","value":124},
    {"date":"05-25","value":126},
    {"date":"05-26","value":128},
    {"date":"05-27","value":130},
    {"date":"05-28","value":132},
    {"date":"05-29","value":134},
    {"date":"05-30","value":136},
    {"date":"05-31","value":138},
    {"date":"06-01","value":140},
    {"date":"06-02","value":142},
    {"date":"06-03","value":144},
    {"date":"06-04","value":146},
    {"date":"06-05","value":148},
    {"date":"06-06","value":150},
    {"date":"06-07","value":152}
  ]
}
